url	portal	title	company	status
https://job-boards.greenhouse.io/anthropic/jobs/5183044008	greenhouse	Anthropic Fellows Program — AI Safety	Anthropic	added
https://job-boards.greenhouse.io/anthropic/jobs/5030244008	greenhouse	Anthropic Fellows Program — AI Security	Anthropic	added
https://job-boards.greenhouse.io/anthropic/jobs/5014500008	greenhouse	Applied AI Engineer	Anthropic	added
https://job-boards.greenhouse.io/anthropic/jobs/5055488008	greenhouse	Applied AI Engineer	Anthropic	added
https://job-boards.greenhouse.io/anthropic/jobs/5116274008	greenhouse	Applied AI Engineer 	Anthropic	added
https://job-boards.greenhouse.io/anthropic/jobs/5068226008	greenhouse	Applied AI Engineer, Beneficial Deployments	Anthropic	added
https://job-boards.greenhouse.io/anthropic/jobs/5057647008	greenhouse	Applied AI Engineer (Digital Natives Business) 	Anthropic	added
https://job-boards.greenhouse.io/anthropic/jobs/5111942008	greenhouse	Applied AI Engineer, Life Sciences (Beneficial Deployments)	Anthropic	added
https://job-boards.greenhouse.io/anthropic/jobs/5073277008	greenhouse	Applied AI Engineer (Startups)	Anthropic	added
https://job-boards.greenhouse.io/anthropic/jobs/5116927008	greenhouse	Claude Evangelist, Applied AI (Startups)	Anthropic	added
https://job-boards.greenhouse.io/anthropic/jobs/5097186008	greenhouse	Design Engineer, AI Capability Development (Education Labs)	Anthropic	added
https://job-boards.greenhouse.io/anthropic/jobs/5140492008	greenhouse	Engineering Manager, Vertical AI Products (Multiple Roles) 	Anthropic	added
https://job-boards.greenhouse.io/anthropic/jobs/5104754008	greenhouse	Enterprise Account Executive, Retail	Anthropic	added
https://job-boards.greenhouse.io/anthropic/jobs/5149112008	greenhouse	External Affairs, Australia	Anthropic	added
https://job-boards.greenhouse.io/anthropic/jobs/5183021008	greenhouse	Finance Systems, Head of AI & Innovation	Anthropic	added
https://job-boards.greenhouse.io/anthropic/jobs/4985877008	greenhouse	Forward Deployed Engineer, Applied AI	Anthropic	added
https://job-boards.greenhouse.io/anthropic/jobs/5121561008	greenhouse	Forward Deployed Engineer, Applied AI	Anthropic	added
https://job-boards.greenhouse.io/anthropic/jobs/5012991008	greenhouse	Forward Deployed Engineer, Applied AI	Anthropic	added
https://job-boards.greenhouse.io/anthropic/jobs/5121563008	greenhouse	Forward Deployed Engineer, Applied AI	Anthropic	added
https://job-boards.greenhouse.io/anthropic/jobs/5079562008	greenhouse	Forward Deployed Engineer, Applied AI (Federal Civilian) 	Anthropic	added
https://job-boards.greenhouse.io/anthropic/jobs/5064817008	greenhouse	Head of Solutions Architects, Applied AI (Korea)	Anthropic	added
https://job-boards.greenhouse.io/anthropic/jobs/4973067008	greenhouse	Infrastructure Engineer, Pre-training	Anthropic	added
https://job-boards.greenhouse.io/anthropic/jobs/5173031008	greenhouse	Manager, Applied AI Solutions Architecture - Partnerships	Anthropic	added
https://job-boards.greenhouse.io/anthropic/jobs/5142110008	greenhouse	Manager, Applied AI (Startups)	Anthropic	added
https://job-boards.greenhouse.io/anthropic/jobs/5183983008	greenhouse	Manager of Forward Deployed Engineering, Applied AI	Anthropic	added
https://job-boards.greenhouse.io/anthropic/jobs/4964610008	greenhouse	Manager of Solutions Architecture, Applied AI (Industries)	Anthropic	added
https://job-boards.greenhouse.io/anthropic/jobs/5117652008	greenhouse	Manager of Solutions Architecture, Applied AI (Industries)	Anthropic	added
https://job-boards.greenhouse.io/anthropic/jobs/5115884008	greenhouse	Manager of Solutions Architecture, Applied AI (Industries)	Anthropic	added
https://job-boards.greenhouse.io/anthropic/jobs/5164616008	greenhouse	Partner Manager DACH/CEE (AI Boutiques)	Anthropic	added
https://job-boards.greenhouse.io/anthropic/jobs/5112493008	greenhouse	Partner Solutions Architect, Applied AI	Anthropic	added
https://job-boards.greenhouse.io/anthropic/jobs/4950664008	greenhouse	Partner Solutions Architect, Applied AI	Anthropic	added
https://job-boards.greenhouse.io/anthropic/jobs/5112486008	greenhouse	Partner Solutions Architect, Applied AI	Anthropic	added
https://job-boards.greenhouse.io/anthropic/jobs/5181852008	greenhouse	Product Manager, API Growth	Anthropic	added
https://job-boards.greenhouse.io/anthropic/jobs/4985920008	greenhouse	Product Manager, Claude Code	Anthropic	added
https://job-boards.greenhouse.io/anthropic/jobs/5127559008	greenhouse	Product Manager, Consumer	Anthropic	added
https://job-boards.greenhouse.io/anthropic/jobs/5153773008	greenhouse	Product Manager, Monetization	Anthropic	added
https://job-boards.greenhouse.io/anthropic/jobs/5153924008	greenhouse	Product Manager, Multi-Cloud Growth - Google	Anthropic	added
https://job-boards.greenhouse.io/anthropic/jobs/5125083008	greenhouse	Research Engineer, AI Observability	Anthropic	added
https://job-boards.greenhouse.io/anthropic/jobs/5119713008	greenhouse	Research Engineer, Pretraining	Anthropic	added
https://job-boards.greenhouse.io/anthropic/jobs/4938432008	greenhouse	Research Engineer, Pretraining Scaling	Anthropic	added
https://job-boards.greenhouse.io/anthropic/jobs/4938436008	greenhouse	Research Engineer, Pretraining Scaling - London	Anthropic	added
https://job-boards.greenhouse.io/anthropic/jobs/5112018008	greenhouse	Research Engineer, Production Model Post-Training	Anthropic	added
https://job-boards.greenhouse.io/anthropic/jobs/4613592008	greenhouse	Research Engineer, Production Model Post-Training	Anthropic	added
https://job-boards.greenhouse.io/anthropic/jobs/5135168008	greenhouse	Research Engineer / Research Scientist, Pre-training	Anthropic	added
https://job-boards.greenhouse.io/anthropic/jobs/4616971008	greenhouse	Research Engineer/Research Scientist, Pre-training	Anthropic	added
https://job-boards.greenhouse.io/anthropic/jobs/5139654008	greenhouse	Research Lead, Training Insights	Anthropic	added
https://job-boards.greenhouse.io/anthropic/jobs/5097067008	greenhouse	Research Product Manager, Model Behaviors	Anthropic	added
https://job-boards.greenhouse.io/anthropic/jobs/5101433008	greenhouse	Security Architect, Applied AI 	Anthropic	added
https://job-boards.greenhouse.io/anthropic/jobs/5183006008	greenhouse	Senior Product Manager, Education Labs	Anthropic	added
https://job-boards.greenhouse.io/anthropic/jobs/5076109008	greenhouse	Solutions Architect, Applied AI	Anthropic	added
https://job-boards.greenhouse.io/anthropic/jobs/5117581008	greenhouse	Solutions Architect, Applied AI	Anthropic	added
https://job-boards.greenhouse.io/anthropic/jobs/5146028008	greenhouse	Solutions Architect, Applied AI (Beneficial Deployments)	Anthropic	added
https://job-boards.greenhouse.io/anthropic/jobs/5062712008	greenhouse	Solutions Architect, Applied AI (Beneficial Deployments)	Anthropic	added
https://job-boards.greenhouse.io/anthropic/jobs/5065835008	greenhouse	Solutions Architect, Applied AI (Digital Native Business)	Anthropic	added
https://job-boards.greenhouse.io/anthropic/jobs/5079540008	greenhouse	Solutions Architect, Applied AI (Federal Civilian)	Anthropic	added
https://job-boards.greenhouse.io/anthropic/jobs/5140405008	greenhouse	Solutions Architect, Applied AI (Government Technology)	Anthropic	added
https://job-boards.greenhouse.io/anthropic/jobs/4977624008	greenhouse	 Solutions Architect, Applied AI (Industries)	Anthropic	added
https://job-boards.greenhouse.io/anthropic/jobs/4977626008	greenhouse	 Solutions Architect, Applied AI (Industries)	Anthropic	added
https://job-boards.greenhouse.io/anthropic/jobs/4461444008	greenhouse	Solutions Architect, Applied AI (Industries)	Anthropic	added
https://job-boards.greenhouse.io/anthropic/jobs/5031670008	greenhouse	Solutions Architect, Applied AI (Industries)	Anthropic	added
https://job-boards.greenhouse.io/anthropic/jobs/5079511008	greenhouse	Solutions Architect, Applied AI (National Security)	Anthropic	added
https://job-boards.greenhouse.io/anthropic/jobs/4968059008	greenhouse	Solutions Architect, Applied AI (Startups)	Anthropic	added
https://job-boards.greenhouse.io/anthropic/jobs/5057258008	greenhouse	Solutions Architect, Applied AI (Startups)	Anthropic	added
https://job-boards.greenhouse.io/anthropic/jobs/5140403008	greenhouse	Solutions Architect, Applied AI (State and Local Government, West)	Anthropic	added
https://job-boards.greenhouse.io/anthropic/jobs/5126080008	greenhouse	Solutions Architect, National Security	Anthropic	added
https://job-boards.greenhouse.io/anthropic/jobs/5113224008	greenhouse	Staff / Senior Software Engineer, AI Reliability	Anthropic	added
https://job-boards.greenhouse.io/anthropic/jobs/5101173008	greenhouse	Staff Software Engineer, AI Reliability Engineering	Anthropic	added
https://job-boards.greenhouse.io/anthropic/jobs/5101169008	greenhouse	Staff Software Engineer, AI Reliability Engineering	Anthropic	added
https://job-boards.greenhouse.io/anthropic/jobs/5041299008	greenhouse	Strategic Account Executive, Retail & Commercial Banking	Anthropic	added
https://job-boards.greenhouse.io/anthropic/jobs/5122119008	greenhouse	Support Operations Specialist, AI Agent Management	Anthropic	added
https://job-boards.greenhouse.io/anthropic/jobs/5017903008	greenhouse	Technical Deployment, Applied AI	Anthropic	added
https://job-boards.greenhouse.io/anthropic/jobs/5153754008	greenhouse	Technical Deployment Lead, Applied AI	Anthropic	added
https://job-boards.greenhouse.io/anthropic/jobs/5153761008	greenhouse	Technical Deployment Lead, Applied AI	Anthropic	added
https://job-boards.greenhouse.io/anthropic/jobs/5149802008	greenhouse	Transformative AI Research Economist, Economic Research 	Anthropic	added
https://job-boards.greenhouse.io/anthropic/jobs/5026097008	greenhouse	UI Software Engineer, Claude.ai Consumer Product 	Anthropic	added
